{"v":"5.5.1","fr":30,"ip":0,"op":90,"w":1000,"h":1000,"nm":"Loading-SnowFlake-1","ddd":0,"assets":[],"layers":[{"ddd":0,"ind":15,"ty":4,"nm":"Outline 2","sr":1,"ks":{"o":{"a":0,"k":100,"ix":11},"r":{"a":0,"k":0,"ix":10},"p":{"a":0,"k":[500,739,0],"ix":2},"a":{"a":0,"k":[18,149,0],"ix":1},"s":{"a":0,"k":[100,100,100],"ix":6}},"ao":0,"hasMask":true,"masksProperties":[{"inv":false,"mode":"a","pt":{"a":1,"k":[{"i":{"x":0.833,"y":1},"o":{"x":0.333,"y":0},"t":0,"s":[{"i":[[0,0],[0,0],[0,0],[0,0]],"o":[[0,0],[0,0],[0,0],[0,0]],"v":[[-1142,136],[-1142,162],[-370,162],[-370,136]],"c":true}]},{"t":90,"s":[{"i":[[0,0],[0,0],[0,0],[0,0]],"o":[[0,0],[0,0],[0,0],[0,0]],"v":[[-368,136],[-368,162],[404,162],[404,136]],"c":true}]}],"ix":1},"o":{"a":0,"k":100,"ix":3},"x":{"a":0,"k":0,"ix":4},"nm":"Mask 1"}],"shapes":[{"ty":"gr","it":[{"ty":"rc","d":1,"s":{"a":0,"k":[772,26],"ix":2},"p":{"a":0,"k":[0,0],"ix":3},"r":{"a":0,"k":20,"ix":4},"nm":"Rectangle Path 1","mn":"ADBE Vector Shape - Rect","hd":false},{"ty":"st","c":{"a":0,"k":[0.8156862745098039,0.00784313725490196,0.5490196078431373,1],"ix":3},"o":{"a":0,"k":100,"ix":4},"w":{"a":0,"k":0,"ix":5},"lc":1,"lj":1,"ml":4,"bm":0,"nm":"Stroke 1","mn":"ADBE Vector Graphic - Stroke","hd":false},{"ty":"fl","c":{"a":0,"k":[0.7411764705882353,0.06274509803921569,0.8784313725490196,1],"ix":4},"o":{"a":0,"k":100,"ix":5},"r":1,"bm":0,"nm":"Fill 1","mn":"ADBE Vector Graphic - Fill","hd":false},{"ty":"tr","p":{"a":0,"k":[18,149],"ix":2},"a":{"a":0,"k":[0,0],"ix":1},"s":{"a":0,"k":[100,100],"ix":3},"r":{"a":0,"k":0,"ix":6},"o":{"a":0,"k":100,"ix":7},"sk":{"a":0,"k":0,"ix":4},"sa":{"a":0,"k":0,"ix":5},"nm":"Transform"}],"nm":"Rectangle 1","np":3,"cix":2,"bm":0,"ix":1,"mn":"ADBE Vector Group","hd":false}],"ip":0,"op":300,"st":0,"bm":0},{"ddd":0,"ind":16,"ty":4,"nm":"Outline","sr":1,"ks":{"o":{"a":0,"k":100,"ix":11},"r":{"a":0,"k":0,"ix":10},"p":{"a":0,"k":[500,739,0],"ix":2},"a":{"a":0,"k":[18,149,0],"ix":1},"s":{"a":0,"k":[100,100,100],"ix":6}},"ao":0,"shapes":[{"ty":"gr","it":[{"ty":"rc","d":1,"s":{"a":0,"k":[772,26],"ix":2},"p":{"a":0,"k":[0,0],"ix":3},"r":{"a":0,"k":20,"ix":4},"nm":"Rectangle Path 1","mn":"ADBE Vector Shape - Rect","hd":false},{"ty":"st","c":{"a":0,"k":[0.5647058823529412,0.07450980392156863,0.996078431372549,1],"ix":3},"o":{"a":0,"k":100,"ix":4},"w":{"a":0,"k":2,"ix":5},"lc":1,"lj":1,"ml":4,"bm":0,"nm":"Stroke 1","mn":"ADBE Vector Graphic - Stroke","hd":false},{"ty":"tr","p":{"a":0,"k":[18,149],"ix":2},"a":{"a":0,"k":[0,0],"ix":1},"s":{"a":0,"k":[100,100],"ix":3},"r":{"a":0,"k":0,"ix":6},"o":{"a":0,"k":100,"ix":7},"sk":{"a":0,"k":0,"ix":4},"sa":{"a":0,"k":0,"ix":5},"nm":"Transform"}],"nm":"Rectangle 1","np":3,"cix":2,"bm":0,"ix":1,"mn":"ADBE Vector Group","hd":false}],"ip":0,"op":300,"st":0,"bm":0},{"ddd":0,"ind":17,"ty":4,"nm":"SnowFlake-1 Outlines","sr":1,"ks":{"o":{"a":0,"k":100,"ix":11},"r":{"a":1,"k":[{"i":{"x":[0.833],"y":[1]},"o":{"x":[0.333],"y":[0]},"t":0,"s":[0]},{"t":90,"s":[360]}],"ix":10},"p":{"a":0,"k":[500,442,0],"ix":2},"a":{"a":0,"k":[500,500,0],"ix":1},"s":{"a":0,"k":[50,50,100],"ix":6}},"ao":0,"shapes":[{"ty":"gr","it":[{"ind":0,"ty":"sh","ix":1,"ks":{"a":0,"k":{"i":[[-4.456,-2.585],[-2.474,0],[-2.233,1.313],[0,0],[-0.951,3.662],[0,0],[5.477,3.24],[4.62,-4.369],[0,0],[0.049,-3.864],[0,0]],"o":[[2.216,1.289],[2.501,0],[0,0],[3.262,-1.92],[0,0],[1.596,-6.16],[-5.481,-3.241],[0,0],[-2.808,2.652],[0,0],[-0.063,5.153]],"v":[[-34.893,57.859],[-27.729,59.79],[-20.496,57.822],[16.182,36.257],[22.764,27.54],[40.467,-40.678],[33.917,-56.548],[16.855,-54.639],[-37.036,-3.759],[-41.51,6.436],[-42.001,45.337]],"c":true},"ix":2},"nm":"Path 1","mn":"ADBE Vector Shape - Group","hd":false},{"ty":"fl","c":{"a":0,"k":[0.7411764705882353,0.06274509803921569,0.8784313725490196,1],"ix":4},"o":{"a":0,"k":100,"ix":5},"r":1,"bm":0,"nm":"Fill 1","mn":"ADBE Vector Graphic - Fill","hd":false},{"ty":"tr","p":{"a":0,"k":[593.339,342.736],"ix":2},"a":{"a":0,"k":[0,0],"ix":1},"s":{"a":0,"k":[100,100],"ix":3},"r":{"a":0,"k":0,"ix":6},"o":{"a":0,"k":100,"ix":7},"sk":{"a":0,"k":0,"ix":4},"sa":{"a":0,"k":0,"ix":5},"nm":"Transform"}],"nm":"Group 1","np":2,"cix":2,"bm":0,"ix":1,"mn":"ADBE Vector Group","hd":false},{"ty":"gr","it":[{"ind":0,"ty":"sh","ix":1,"ks":{"a":0,"k":{"i":[[6.097,1.822],[0,0],[3.373,-1.891],[0,0],[0.014,-5.15],[-4.481,-2.54],[0,0],[-2.446,0],[-1.247,0.345],[0,0],[-0.066,6.362]],"o":[[0,0],[-3.704,-1.108],[0,0],[-4.491,2.519],[-0.014,5.149],[0,0],[2.164,1.23],[1.275,0],[0,0],[6.132,-1.697],[0.066,-6.362]],"v":[[56.534,-12.193],[-14.475,-33.423],[-25.541,-32.199],[-59.477,-13.176],[-66.77,-0.761],[-59.536,11.689],[-22.524,32.673],[-15.485,34.53],[-11.684,34.015],[56.248,15.236],[66.718,1.629]],"c":true},"ix":2},"nm":"Path 1","mn":"ADBE Vector Shape - Group","hd":false},{"ty":"fl","c":{"a":0,"k":[0.7411764705882353,0.06274509803921569,0.8784313725490196,1],"ix":4},"o":{"a":0,"k":100,"ix":5},"r":1,"bm":0,"nm":"Fill 1","mn":"ADBE Vector Graphic - Fill","hd":false},{"ty":"tr","p":{"a":0,"k":[681.821,501.546],"ix":2},"a":{"a":0,"k":[0,0],"ix":1},"s":{"a":0,"k":[100,100],"ix":3},"r":{"a":0,"k":0,"ix":6},"o":{"a":0,"k":100,"ix":7},"sk":{"a":0,"k":0,"ix":4},"sa":{"a":0,"k":0,"ix":5},"nm":"Transform"}],"nm":"Group 2","np":2,"cix":2,"bm":0,"ix":2,"mn":"ADBE Vector Group","hd":false},{"ty":"gr","it":[{"ind":0,"ty":"sh","ix":1,"ks":{"a":0,"k":{"i":[[0,0],[3.324,1.972],[0,0],[4.47,-2.565],[-0.039,-5.149],[0,0],[-2.7,-2.655],[0,0],[-3.659,0],[-2.195,1.237],[1.47,6.192]],"o":[[-0.892,-3.76],[0,0],[-4.422,-2.63],[-4.467,2.564],[0,0],[0.031,3.787],[0,0],[2.739,2.697],[2.397,0],[5.543,-3.122],[0,0]],"v":[[21.526,-29.081],[14.93,-38.053],[-18.515,-57.927],[-32.912,-58.035],[-40.075,-45.548],[-39.741,-3.001],[-35.48,7.058],[14.749,56.499],[24.763,60.6],[31.766,58.76],[38.644,43.032]],"c":true},"ix":2},"nm":"Path 1","mn":"ADBE Vector Shape - Group","hd":false},{"ty":"fl","c":{"a":0,"k":[0.7411764705882353,0.06274509803921569,0.8784313725490196,1],"ix":4},"o":{"a":0,"k":100,"ix":5},"r":1,"bm":0,"nm":"Fill 1","mn":"ADBE Vector Graphic - Fill","hd":false},{"ty":"tr","p":{"a":0,"k":[589.497,657.939],"ix":2},"a":{"a":0,"k":[0,0],"ix":1},"s":{"a":0,"k":[100,100],"ix":3},"r":{"a":0,"k":0,"ix":6},"o":{"a":0,"k":100,"ix":7},"sk":{"a":0,"k":0,"ix":4},"sa":{"a":0,"k":0,"ix":5},"nm":"Transform"}],"nm":"Group 3","np":2,"cix":2,"bm":0,"ix":3,"mn":"ADBE Vector Group","hd":false},{"ty":"gr","it":[{"ind":0,"ty":"sh","ix":1,"ks":{"a":0,"k":{"i":[[4.456,2.585],[4.443,-2.613],[0,0],[0.951,-3.662],[0,0],[-5.477,-3.24],[-2.495,0],[-2.718,2.568],[0,0],[-0.049,3.867],[0,0]],"o":[[-4.456,-2.592],[0,0],[-3.262,1.916],[0,0],[-1.596,6.16],[2.258,1.335],[3.557,0],[0,0],[2.812,-2.651],[0,0],[0.063,-5.15]],"v":[[34.891,-56.901],[20.494,-56.863],[-16.184,-35.302],[-22.766,-26.585],[-40.466,41.637],[-33.916,57.507],[-26.654,59.493],[-16.853,55.598],[37.037,4.714],[41.511,-5.484],[41.999,-44.382]],"c":true},"ix":2},"nm":"Path 1","mn":"ADBE Vector Shape - Group","hd":false},{"ty":"fl","c":{"a":0,"k":[0.7411764705882353,0.06274509803921569,0.8784313725490196,1],"ix":4},"o":{"a":0,"k":100,"ix":5},"r":1,"bm":0,"nm":"Fill 1","mn":"ADBE Vector Graphic - Fill","hd":false},{"ty":"tr","p":{"a":0,"k":[406.624,655.736],"ix":2},"a":{"a":0,"k":[0,0],"ix":1},"s":{"a":0,"k":[100,100],"ix":3},"r":{"a":0,"k":0,"ix":6},"o":{"a":0,"k":100,"ix":7},"sk":{"a":0,"k":0,"ix":4},"sa":{"a":0,"k":0,"ix":5},"nm":"Transform"}],"nm":"Group 4","np":2,"cix":2,"bm":0,"ix":4,"mn":"ADBE Vector Group","hd":false},{"ty":"gr","it":[{"ind":0,"ty":"sh","ix":1,"ks":{"a":0,"k":{"i":[[-0.011,5.15],[4.48,2.54],[0,0],[3.634,-1.008],[0,0],[0.066,-6.358],[-6.098,-1.822],[0,0],[-1.372,0],[-2.15,1.206],[0,0]],"o":[[0.01,-5.153],[0,0],[-3.289,-1.875],[0,0],[-6.132,1.697],[-0.066,6.363],[0,0],[1.339,0.4],[2.422,0],[0,0],[4.494,-2.519]],"v":[[66.771,1.258],[59.538,-11.191],[22.525,-32.173],[11.685,-33.514],[-56.245,-14.735],[-66.714,-1.129],[-56.53,12.693],[14.478,33.923],[18.565,34.522],[25.546,32.7],[59.478,13.672]],"c":true},"ix":2},"nm":"Path 1","mn":"ADBE Vector Shape - Group","hd":false},{"ty":"fl","c":{"a":0,"k":[0.7411764705882353,0.06274509803921569,0.8784313725490196,1],"ix":4},"o":{"a":0,"k":100,"ix":5},"r":1,"bm":0,"nm":"Fill 1","mn":"ADBE Vector Graphic - Fill","hd":false},{"ty":"tr","p":{"a":0,"k":[318.14,497.384],"ix":2},"a":{"a":0,"k":[0,0],"ix":1},"s":{"a":0,"k":[100,100],"ix":3},"r":{"a":0,"k":0,"ix":6},"o":{"a":0,"k":100,"ix":7},"sk":{"a":0,"k":0,"ix":4},"sa":{"a":0,"k":0,"ix":5},"nm":"Transform"}],"nm":"Group 5","np":2,"cix":2,"bm":0,"ix":5,"mn":"ADBE Vector Group","hd":false},{"ty":"gr","it":[{"ind":0,"ty":"sh","ix":1,"ks":{"a":0,"k":{"i":[[2.7,2.655],[0,0],[5.547,-3.125],[-1.47,-6.188],[0,0],[-3.321,-1.976],[0,0],[-2.522,0],[-2.199,1.264],[0.038,5.15],[0,0]],"o":[[0,0],[-4.529,-4.464],[-5.543,3.122],[0,0],[0.892,3.76],[0,0],[2.247,1.335],[2.453,0],[4.47,-2.565],[0,0],[-0.031,-3.788]],"v":[[35.48,-6.08],[-14.749,-55.521],[-31.766,-57.783],[-38.644,-42.055],[-21.522,30.055],[-14.93,39.027],[18.512,58.904],[25.804,60.908],[32.909,59.013],[40.076,46.525],[39.741,3.979]],"c":true},"ix":2},"nm":"Path 1","mn":"ADBE Vector Shape - Group","hd":false},{"ty":"fl","c":{"a":0,"k":[0.7411764705882353,0.06274509803921569,0.8784313725490196,1],"ix":4},"o":{"a":0,"k":100,"ix":5},"r":1,"bm":0,"nm":"Fill 1","mn":"ADBE Vector Graphic - Fill","hd":false},{"ty":"tr","p":{"a":0,"k":[410.464,340.513],"ix":2},"a":{"a":0,"k":[0,0],"ix":1},"s":{"a":0,"k":[100,100],"ix":3},"r":{"a":0,"k":0,"ix":6},"o":{"a":0,"k":100,"ix":7},"sk":{"a":0,"k":0,"ix":4},"sa":{"a":0,"k":0,"ix":5},"nm":"Transform"}],"nm":"Group 6","np":2,"cix":2,"bm":0,"ix":6,"mn":"ADBE Vector Group","hd":false},{"ty":"gr","it":[{"ind":0,"ty":"sh","ix":1,"ks":{"a":0,"k":{"i":[[25.445,0],[0,-25.445],[-25.446,0],[0,25.446]],"o":[[-25.446,0],[0,25.446],[25.445,0],[0,-25.445]],"v":[[0,-46.145],[-46.145,0],[0,46.145],[46.145,0]],"c":true},"ix":2},"nm":"Path 1","mn":"ADBE Vector Shape - Group","hd":false},{"ind":1,"ty":"sh","ix":2,"ks":{"a":0,"k":{"i":[[41.184,0],[0,41.184],[-41.184,0],[0,-41.184]],"o":[[-41.184,0],[0,-41.184],[41.184,0],[0,41.184]],"v":[[0,74.688],[-74.688,0],[0,-74.688],[74.688,0]],"c":true},"ix":2},"nm":"Path 2","mn":"ADBE Vector Shape - Group","hd":false},{"ty":"mm","mm":1,"nm":"Merge Paths 1","mn":"ADBE Vector Filter - Merge","hd":false},{"ty":"fl","c":{"a":0,"k":[0.7411764705882353,0.06274509803921569,0.8784313725490196,1],"ix":4},"o":{"a":0,"k":100,"ix":5},"r":1,"bm":0,"nm":"Fill 1","mn":"ADBE Vector Graphic - Fill","hd":false},{"ty":"tr","p":{"a":0,"k":[499.981,499.715],"ix":2},"a":{"a":0,"k":[0,0],"ix":1},"s":{"a":0,"k":[100,100],"ix":3},"r":{"a":0,"k":0,"ix":6},"o":{"a":0,"k":100,"ix":7},"sk":{"a":0,"k":0,"ix":4},"sa":{"a":0,"k":0,"ix":5},"nm":"Transform"}],"nm":"Group 7","np":4,"cix":2,"bm":0,"ix":7,"mn":"ADBE Vector Group","hd":false},{"ty":"gr","it":[{"ind":0,"ty":"sh","ix":1,"ks":{"a":0,"k":{"i":[[6.3,0],[1.237,0.334],[0,0],[1.892,3.279],[-0.983,3.655],[0,0],[-7.627,-2.073],[2.042,-7.613],[0,0],[0,0],[2.042,-7.613]],"o":[[-1.223,0],[0,0],[-3.655,-0.979],[-1.892,-3.278],[0,0],[2.035,-7.617],[7.613,2.038],[0,0],[0,0],[7.613,2.039],[-1.707,6.377]],"v":[[42.909,68.93],[39.204,68.44],[-47.651,45.167],[-56.315,38.52],[-57.741,27.69],[-35.111,-56.766],[-17.634,-66.857],[-7.544,-49.38],[-26.477,21.294],[46.591,40.872],[56.681,58.349]],"c":true},"ix":2},"nm":"Path 1","mn":"ADBE Vector Shape - Group","hd":false},{"ty":"fl","c":{"a":0,"k":[0.7411764705882353,0.06274509803921569,0.8784313725490196,1],"ix":4},"o":{"a":0,"k":100,"ix":5},"r":1,"bm":0,"nm":"Fill 1","mn":"ADBE Vector Graphic - Fill","hd":false},{"ty":"tr","p":{"a":0,"k":[813.025,313.767],"ix":2},"a":{"a":0,"k":[0,0],"ix":1},"s":{"a":0,"k":[100,100],"ix":3},"r":{"a":0,"k":0,"ix":6},"o":{"a":0,"k":100,"ix":7},"sk":{"a":0,"k":0,"ix":4},"sa":{"a":0,"k":0,"ix":5},"nm":"Transform"}],"nm":"Group 8","np":2,"cix":2,"bm":0,"ix":8,"mn":"ADBE Vector Group","hd":false},{"ty":"gr","it":[{"ind":0,"ty":"sh","ix":1,"ks":{"a":0,"k":{"i":[[6.299,0],[1.237,0.334],[0,0],[-2.042,7.613],[0,0],[-7.609,-2.063],[2.041,-7.613],[0,0],[0,0],[2.042,-7.613]],"o":[[-1.223,0],[0,0],[-7.613,-2.038],[0,0],[2.035,-7.616],[7.613,2.038],[0,0],[0,0],[7.613,2.038],[-1.707,6.377]],"v":[[83.373,122.427],[79.669,121.937],[-87.055,77.262],[-97.145,59.785],[-51.579,-110.274],[-34.102,-120.365],[-24.011,-102.888],[-65.881,53.388],[87.056,94.37],[97.146,111.846]],"c":true},"ix":2},"nm":"Path 1","mn":"ADBE Vector Shape - Group","hd":false},{"ty":"fl","c":{"a":0,"k":[0.7411764705882353,0.06274509803921569,0.8784313725490196,1],"ix":4},"o":{"a":0,"k":100,"ix":5},"r":1,"bm":0,"nm":"Fill 1","mn":"ADBE Vector Graphic - Fill","hd":false},{"ty":"tr","p":{"a":0,"k":[740.921,346.668],"ix":2},"a":{"a":0,"k":[0,0],"ix":1},"s":{"a":0,"k":[100,100],"ix":3},"r":{"a":0,"k":0,"ix":6},"o":{"a":0,"k":100,"ix":7},"sk":{"a":0,"k":0,"ix":4},"sa":{"a":0,"k":0,"ix":5},"nm":"Transform"}],"nm":"Group 9","np":2,"cix":2,"bm":0,"ix":9,"mn":"ADBE Vector Group","hd":false},{"ty":"gr","it":[{"ind":0,"ty":"sh","ix":1,"ks":{"a":0,"k":{"i":[[2.422,0],[2.64,4.578],[-6.825,3.941],[0,0],[-3.937,-6.826],[6.825,-3.941],[0,0]],"o":[[-4.934,0],[-3.941,-6.826],[0,0],[6.826,-3.951],[3.941,6.825],[0,0],[-2.247,1.3]],"v":[[-162.501,109.121],[-174.873,101.982],[-169.651,82.487],[155.38,-105.17],[174.874,-99.947],[169.652,-80.453],[-155.38,107.204]],"c":true},"ix":2},"nm":"Path 1","mn":"ADBE Vector Shape - Group","hd":false},{"ty":"fl","c":{"a":0,"k":[0.7411764705882353,0.06274509803921569,0.8784313725490196,1],"ix":4},"o":{"a":0,"k":100,"ix":5},"r":1,"bm":0,"nm":"Fill 1","mn":"ADBE Vector Graphic - Fill","hd":false},{"ty":"tr","p":{"a":0,"k":[716.038,376.776],"ix":2},"a":{"a":0,"k":[0,0],"ix":1},"s":{"a":0,"k":[100,100],"ix":3},"r":{"a":0,"k":0,"ix":6},"o":{"a":0,"k":100,"ix":7},"sk":{"a":0,"k":0,"ix":4},"sa":{"a":0,"k":0,"ix":5},"nm":"Transform"}],"nm":"Group 10","np":2,"cix":2,"bm":0,"ix":10,"mn":"ADBE Vector Group","hd":false},{"ty":"gr","it":[{"ind":0,"ty":"sh","ix":1,"ks":{"a":0,"k":{"i":[[1.223,0],[1.707,6.376],[0,0],[-7.613,2.038],[0,0],[-2.038,-7.617],[7.614,-2.039],[0,0],[0,0],[7.613,-2.039]],"o":[[-6.299,0],[0,0],[-2.042,-7.613],[0,0],[7.609,-2.052],[2.041,7.612],[0,0],[0,0],[2.042,7.613],[-1.237,0.334]],"v":[[-18.968,69.798],[-32.741,59.217],[-56.012,-27.635],[-45.922,-45.112],[38.536,-67.746],[56.013,-57.655],[45.922,-40.178],[-24.748,-21.238],[-5.174,51.83],[-15.264,69.307]],"c":true},"ix":2},"nm":"Path 1","mn":"ADBE Vector Shape - Group","hd":false},{"ty":"fl","c":{"a":0,"k":[0.7411764705882353,0.06274509803921569,0.8784313725490196,1],"ix":4},"o":{"a":0,"k":100,"ix":5},"r":1,"bm":0,"nm":"Fill 1","mn":"ADBE Vector Graphic - Fill","hd":false},{"ty":"tr","p":{"a":0,"k":[810.611,686.8],"ix":2},"a":{"a":0,"k":[0,0],"ix":1},"s":{"a":0,"k":[100,100],"ix":3},"r":{"a":0,"k":0,"ix":6},"o":{"a":0,"k":100,"ix":7},"sk":{"a":0,"k":0,"ix":4},"sa":{"a":0,"k":0,"ix":5},"nm":"Transform"}],"nm":"Group 11","np":2,"cix":2,"bm":0,"ix":11,"mn":"ADBE Vector Group","hd":false},{"ty":"gr","it":[{"ind":0,"ty":"sh","ix":1,"ks":{"a":0,"k":{"i":[[1.223,0],[1.707,6.376],[0,0],[-1.892,3.278],[-3.655,0.979],[0,0],[-2.041,-7.616],[7.613,-2.038],[0,0],[0,0],[7.613,-2.038]],"o":[[-6.299,0],[0,0],[-0.983,-3.655],[1.892,-3.279],[0,0],[7.607,-2.056],[2.042,7.613],[0,0],[0,0],[2.042,7.613],[-1.237,0.335]],"v":[[-40.896,121.205],[-54.669,110.624],[-99.344,-56.104],[-97.919,-66.933],[-89.254,-73.581],[80.808,-119.148],[98.285,-109.058],[88.195,-91.581],[-68.08,-49.708],[-27.102,103.237],[-37.192,120.714]],"c":true},"ix":2},"nm":"Path 1","mn":"ADBE Vector Shape - Group","hd":false},{"ty":"fl","c":{"a":0,"k":[0.7411764705882353,0.06274509803921569,0.8784313725490196,1],"ix":4},"o":{"a":0,"k":100,"ix":5},"r":1,"bm":0,"nm":"Fill 1","mn":"ADBE Vector Graphic - Fill","hd":false},{"ty":"tr","p":{"a":0,"k":[741.896,651.194],"ix":2},"a":{"a":0,"k":[0,0],"ix":1},"s":{"a":0,"k":[100,100],"ix":3},"r":{"a":0,"k":0,"ix":6},"o":{"a":0,"k":100,"ix":7},"sk":{"a":0,"k":0,"ix":4},"sa":{"a":0,"k":0,"ix":5},"nm":"Transform"}],"nm":"Group 12","np":2,"cix":2,"bm":0,"ix":12,"mn":"ADBE Vector Group","hd":false},{"ty":"gr","it":[{"ind":0,"ty":"sh","ix":1,"ks":{"a":0,"k":{"i":[[4.934,0],[2.247,1.299],[0,0],[-3.94,6.825],[-6.822,-3.944],[0,0],[3.941,-6.826]],"o":[[-2.422,0],[0,0],[-6.826,-3.941],[3.937,-6.826],[0,0],[6.825,3.941],[-2.64,4.578]],"v":[[162.5,109.117],[155.378,107.202],[-169.649,-80.457],[-174.872,-99.951],[-155.378,-105.173],[169.649,82.484],[174.871,101.979]],"c":true},"ix":2},"nm":"Path 1","mn":"ADBE Vector Shape - Group","hd":false},{"ty":"fl","c":{"a":0,"k":[0.7411764705882353,0.06274509803921569,0.8784313725490196,1],"ix":4},"o":{"a":0,"k":100,"ix":5},"r":1,"bm":0,"nm":"Fill 1","mn":"ADBE Vector Graphic - Fill","hd":false},{"ty":"tr","p":{"a":0,"k":[713.598,624.85],"ix":2},"a":{"a":0,"k":[0,0],"ix":1},"s":{"a":0,"k":[100,100],"ix":3},"r":{"a":0,"k":0,"ix":6},"o":{"a":0,"k":100,"ix":7},"sk":{"a":0,"k":0,"ix":4},"sa":{"a":0,"k":0,"ix":5},"nm":"Transform"}],"nm":"Group 13","np":2,"cix":2,"bm":0,"ix":13,"mn":"ADBE Vector Group","hd":false},{"ty":"gr","it":[{"ind":0,"ty":"sh","ix":1,"ks":{"a":0,"k":{"i":[[3.651,0],[2.788,2.787],[-5.574,5.572],[0,0],[-5.352,-5.351],[0,0],[5.575,-5.572],[5.567,5.575],[0,0],[0,0]],"o":[[-3.652,0],[-5.574,-5.572],[0,0],[5.352,-5.351],[0,0],[5.575,5.572],[-5.567,5.575],[0,0],[0,0],[-2.784,2.787]],"v":[[-62.704,46.648],[-72.795,42.468],[-72.795,22.286],[-9.214,-41.297],[10.967,-41.297],[72.794,20.531],[72.794,40.711],[52.614,40.711],[0.876,-11.022],[-52.614,42.468]],"c":true},"ix":2},"nm":"Path 1","mn":"ADBE Vector Shape - Group","hd":false},{"ty":"fl","c":{"a":0,"k":[0.7411764705882353,0.06274509803921569,0.8784313725490196,1],"ix":4},"o":{"a":0,"k":100,"ix":5},"r":1,"bm":0,"nm":"Fill 1","mn":"ADBE Vector Graphic - Fill","hd":false},{"ty":"tr","p":{"a":0,"k":[498.418,841.239],"ix":2},"a":{"a":0,"k":[0,0],"ix":1},"s":{"a":0,"k":[100,100],"ix":3},"r":{"a":0,"k":0,"ix":6},"o":{"a":0,"k":100,"ix":7},"sk":{"a":0,"k":0,"ix":4},"sa":{"a":0,"k":0,"ix":5},"nm":"Transform"}],"nm":"Group 14","np":2,"cix":2,"bm":0,"ix":14,"mn":"ADBE Vector Group","hd":false},{"ty":"gr","it":[{"ind":0,"ty":"sh","ix":1,"ks":{"a":0,"k":{"i":[[3.651,0],[2.784,2.787],[0,0],[0,0],[5.568,5.574],[-5.574,5.571],[0,0],[-5.568,-5.575],[0,0],[5.575,-5.571]],"o":[[-3.651,0],[0,0],[0,0],[-5.568,5.574],[-5.574,-5.572],[0,0],[5.568,-5.575],[0,0],[5.575,5.572],[-2.783,2.787]],"v":[[123.274,77.216],[113.184,73.035],[-1.221,-41.367],[-113.184,70.593],[-133.365,70.593],[-133.365,50.412],[-11.312,-71.641],[8.869,-71.641],[133.364,52.854],[133.364,73.035]],"c":true},"ix":2},"nm":"Path 1","mn":"ADBE Vector Shape - Group","hd":false},{"ty":"fl","c":{"a":0,"k":[0.7411764705882353,0.06274509803921569,0.8784313725490196,1],"ix":4},"o":{"a":0,"k":100,"ix":5},"r":1,"bm":0,"nm":"Fill 1","mn":"ADBE Vector Graphic - Fill","hd":false},{"ty":"tr","p":{"a":0,"k":[499.982,742.513],"ix":2},"a":{"a":0,"k":[0,0],"ix":1},"s":{"a":0,"k":[100,100],"ix":3},"r":{"a":0,"k":0,"ix":6},"o":{"a":0,"k":100,"ix":7},"sk":{"a":0,"k":0,"ix":4},"sa":{"a":0,"k":0,"ix":5},"nm":"Transform"}],"nm":"Group 15","np":2,"cix":2,"bm":0,"ix":15,"mn":"ADBE Vector Group","hd":false},{"ty":"gr","it":[{"ind":0,"ty":"sh","ix":1,"ks":{"a":0,"k":{"i":[[7.882,0],[0,7.882],[0,0],[-7.881,0],[0,-7.882],[0,0]],"o":[[-7.881,0],[0,0],[0,-7.882],[7.882,0],[0,0],[0,7.882]],"v":[[0,201.927],[-14.272,187.655],[-14.272,-187.656],[0,-201.927],[14.271,-187.656],[14.271,187.655]],"c":true},"ix":2},"nm":"Path 1","mn":"ADBE Vector Shape - Group","hd":false},{"ty":"fl","c":{"a":0,"k":[0.7411764705882353,0.06274509803921569,0.8784313725490196,1],"ix":4},"o":{"a":0,"k":100,"ix":5},"r":1,"bm":0,"nm":"Fill 1","mn":"ADBE Vector Graphic - Fill","hd":false},{"ty":"tr","p":{"a":0,"k":[497.542,747.788],"ix":2},"a":{"a":0,"k":[0,0],"ix":1},"s":{"a":0,"k":[100,100],"ix":3},"r":{"a":0,"k":0,"ix":6},"o":{"a":0,"k":100,"ix":7},"sk":{"a":0,"k":0,"ix":4},"sa":{"a":0,"k":0,"ix":5},"nm":"Transform"}],"nm":"Group 16","np":2,"cix":2,"bm":0,"ix":16,"mn":"ADBE Vector Group","hd":false},{"ty":"gr","it":[{"ind":0,"ty":"sh","ix":1,"ks":{"a":0,"k":{"i":[[6.3,0],[1.237,0.334],[-2.042,7.613],[0,0],[0,0],[-2.042,7.613],[-7.61,-2.07],[0,0],[2.041,-7.613],[0,0]],"o":[[-1.223,0],[-7.613,-2.039],[0,0],[0,0],[-7.613,-2.038],[2.034,-7.613],[0,0],[7.613,2.038],[0,0],[-1.707,6.376]],"v":[[20.806,68.931],[17.102,68.44],[7.012,50.963],[25.945,-19.712],[-47.119,-39.293],[-57.209,-56.771],[-39.732,-66.86],[47.119,-43.585],[57.21,-26.109],[34.579,58.349]],"c":true},"ix":2},"nm":"Path 1","mn":"ADBE Vector Shape - Group","hd":false},{"ty":"fl","c":{"a":0,"k":[0.7411764705882353,0.06274509803921569,0.8784313725490196,1],"ix":4},"o":{"a":0,"k":100,"ix":5},"r":1,"bm":0,"nm":"Fill 1","mn":"ADBE Vector Graphic - Fill","hd":false},{"ty":"tr","p":{"a":0,"k":[187.467,684.082],"ix":2},"a":{"a":0,"k":[0,0],"ix":1},"s":{"a":0,"k":[100,100],"ix":3},"r":{"a":0,"k":0,"ix":6},"o":{"a":0,"k":100,"ix":7},"sk":{"a":0,"k":0,"ix":4},"sa":{"a":0,"k":0,"ix":5},"nm":"Transform"}],"nm":"Group 17","np":2,"cix":2,"bm":0,"ix":17,"mn":"ADBE Vector Group","hd":false},{"ty":"gr","it":[{"ind":0,"ty":"sh","ix":1,"ks":{"a":0,"k":{"i":[[6.299,0],[1.237,0.335],[-2.042,7.614],[0,0],[0,0],[-2.042,7.613],[-7.613,-2.059],[0,0],[2.042,-7.613],[0,0]],"o":[[-1.223,0],[-7.613,-2.038],[0,0],[0,0],[-7.613,-2.039],[2.035,-7.617],[0,0],[7.613,2.038],[0,0],[-1.707,6.376]],"v":[[37.807,122.427],[34.103,121.936],[24.013,104.458],[65.883,-51.819],[-87.058,-92.8],[-97.148,-110.277],[-79.671,-120.369],[87.057,-75.693],[97.147,-58.216],[51.58,111.846]],"c":true},"ix":2},"nm":"Path 1","mn":"ADBE Vector Shape - Group","hd":false},{"ty":"fl","c":{"a":0,"k":[0.7411764705882353,0.06274509803921569,0.8784313725490196,1],"ix":4},"o":{"a":0,"k":100,"ix":5},"r":1,"bm":0,"nm":"Fill 1","mn":"ADBE Vector Graphic - Fill","hd":false},{"ty":"tr","p":{"a":0,"k":[259.042,651.191],"ix":2},"a":{"a":0,"k":[0,0],"ix":1},"s":{"a":0,"k":[100,100],"ix":3},"r":{"a":0,"k":0,"ix":6},"o":{"a":0,"k":100,"ix":7},"sk":{"a":0,"k":0,"ix":4},"sa":{"a":0,"k":0,"ix":5},"nm":"Transform"}],"nm":"Group 18","np":2,"cix":2,"bm":0,"ix":18,"mn":"ADBE Vector Group","hd":false},{"ty":"gr","it":[{"ind":0,"ty":"sh","ix":1,"ks":{"a":0,"k":{"i":[[2.422,0],[2.641,4.578],[-6.825,3.941],[0,0],[-3.937,-6.825],[6.826,-3.941],[0,0]],"o":[[-4.934,0],[-3.941,-6.826],[0,0],[6.825,-3.951],[3.94,6.826],[0,0],[-2.248,1.299]],"v":[[-162.499,109.12],[-174.871,101.981],[-169.65,82.486],[155.378,-105.169],[174.872,-99.945],[169.649,-80.451],[-155.378,107.204]],"c":true},"ix":2},"nm":"Path 1","mn":"ADBE Vector Shape - Group","hd":false},{"ty":"fl","c":{"a":0,"k":[0.7411764705882353,0.06274509803921569,0.8784313725490196,1],"ix":4},"o":{"a":0,"k":100,"ix":5},"r":1,"bm":0,"nm":"Fill 1","mn":"ADBE Vector Graphic - Fill","hd":false},{"ty":"tr","p":{"a":0,"k":[283.924,620.618],"ix":2},"a":{"a":0,"k":[0,0],"ix":1},"s":{"a":0,"k":[100,100],"ix":3},"r":{"a":0,"k":0,"ix":6},"o":{"a":0,"k":100,"ix":7},"sk":{"a":0,"k":0,"ix":4},"sa":{"a":0,"k":0,"ix":5},"nm":"Transform"}],"nm":"Group 19","np":2,"cix":2,"bm":0,"ix":19,"mn":"ADBE Vector Group","hd":false},{"ty":"gr","it":[{"ind":0,"ty":"sh","ix":1,"ks":{"a":0,"k":{"i":[[1.223,0],[1.707,6.376],[-7.613,2.039],[0,0],[0,0],[-7.612,2.038],[-2.038,-7.617],[0,0],[1.892,-3.279],[3.655,-0.979],[0,0]],"o":[[-6.299,0],[-2.042,-7.613],[0,0],[0,0],[-2.042,-7.614],[7.61,-2.06],[0,0],[0.983,3.656],[-1.892,3.278],[0,0],[-1.237,0.335]],"v":[[-41.71,69.8],[-55.483,59.218],[-45.393,41.741],[25.278,22.804],[5.7,-50.263],[15.79,-67.74],[33.267,-57.65],[56.542,29.201],[55.117,40.031],[46.452,46.678],[-38.006,69.308]],"c":true},"ix":2},"nm":"Path 1","mn":"ADBE Vector Shape - Group","hd":false},{"ty":"fl","c":{"a":0,"k":[0.7411764705882353,0.06274509803921569,0.8784313725490196,1],"ix":4},"o":{"a":0,"k":100,"ix":5},"r":1,"bm":0,"nm":"Fill 1","mn":"ADBE Vector Graphic - Fill","hd":false},{"ty":"tr","p":{"a":0,"k":[188.824,311.065],"ix":2},"a":{"a":0,"k":[0,0],"ix":1},"s":{"a":0,"k":[100,100],"ix":3},"r":{"a":0,"k":0,"ix":6},"o":{"a":0,"k":100,"ix":7},"sk":{"a":0,"k":0,"ix":4},"sa":{"a":0,"k":0,"ix":5},"nm":"Transform"}],"nm":"Group 20","np":2,"cix":2,"bm":0,"ix":20,"mn":"ADBE Vector Group","hd":false},{"ty":"gr","it":[{"ind":0,"ty":"sh","ix":1,"ks":{"a":0,"k":{"i":[[1.223,0],[1.707,6.377],[-7.613,2.039],[0,0],[0,0],[-7.613,2.038],[-2.042,-7.616],[0,0],[1.892,-3.279],[3.655,-0.979],[0,0]],"o":[[-6.299,0],[-2.042,-7.613],[0,0],[0,0],[-2.042,-7.613],[7.603,-2.056],[0,0],[0.983,3.655],[-1.892,3.278],[0,0],[-1.237,0.334]],"v":[[-84.51,121.204],[-98.283,110.623],[-88.193,93.146],[68.079,51.273],[27.1,-101.671],[37.19,-119.148],[54.668,-109.059],[99.342,57.67],[97.918,68.499],[89.253,75.147],[-80.806,120.714]],"c":true},"ix":2},"nm":"Path 1","mn":"ADBE Vector Shape - Group","hd":false},{"ty":"fl","c":{"a":0,"k":[0.7411764705882353,0.06274509803921569,0.8784313725490196,1],"ix":4},"o":{"a":0,"k":100,"ix":5},"r":1,"bm":0,"nm":"Fill 1","mn":"ADBE Vector Graphic - Fill","hd":false},{"ty":"tr","p":{"a":0,"k":[258.067,346.672],"ix":2},"a":{"a":0,"k":[0,0],"ix":1},"s":{"a":0,"k":[100,100],"ix":3},"r":{"a":0,"k":0,"ix":6},"o":{"a":0,"k":100,"ix":7},"sk":{"a":0,"k":0,"ix":4},"sa":{"a":0,"k":0,"ix":5},"nm":"Transform"}],"nm":"Group 21","np":2,"cix":2,"bm":0,"ix":21,"mn":"ADBE Vector Group","hd":false},{"ty":"gr","it":[{"ind":0,"ty":"sh","ix":1,"ks":{"a":0,"k":{"i":[[4.934,0],[2.248,1.299],[0,0],[-3.941,6.826],[-6.826,-3.947],[0,0],[3.94,-6.826]],"o":[[-2.421,0],[0,0],[-6.826,-3.94],[3.937,-6.829],[0,0],[6.825,3.941],[-2.641,4.578]],"v":[[162.501,109.117],[155.379,107.202],[-169.651,-80.453],[-174.874,-99.948],[-155.38,-105.17],[169.651,82.484],[174.874,101.979]],"c":true},"ix":2},"nm":"Path 1","mn":"ADBE Vector Shape - Group","hd":false},{"ty":"fl","c":{"a":0,"k":[0.7411764705882353,0.06274509803921569,0.8784313725490196,1],"ix":4},"o":{"a":0,"k":100,"ix":5},"r":1,"bm":0,"nm":"Fill 1","mn":"ADBE Vector Graphic - Fill","hd":false},{"ty":"tr","p":{"a":0,"k":[286.365,372.549],"ix":2},"a":{"a":0,"k":[0,0],"ix":1},"s":{"a":0,"k":[100,100],"ix":3},"r":{"a":0,"k":0,"ix":6},"o":{"a":0,"k":100,"ix":7},"sk":{"a":0,"k":0,"ix":4},"sa":{"a":0,"k":0,"ix":5},"nm":"Transform"}],"nm":"Group 22","np":2,"cix":2,"bm":0,"ix":22,"mn":"ADBE Vector Group","hd":false},{"ty":"gr","it":[{"ind":0,"ty":"sh","ix":1,"ks":{"a":0,"k":{"i":[[3.651,0],[2.784,2.787],[0,0],[-5.575,5.572],[-5.567,-5.574],[0,0],[0,0],[-5.568,-5.575],[5.574,-5.571],[0,0]],"o":[[-3.651,0],[0,0],[-5.575,-5.571],[5.568,-5.574],[0,0],[0,0],[5.568,-5.575],[5.574,5.571],[0,0],[-2.784,2.787]],"v":[[-0.876,46.758],[-10.966,42.578],[-72.794,-19.25],[-72.794,-39.432],[-52.614,-39.432],[-0.876,12.302],[52.614,-41.183],[72.795,-41.183],[72.795,-21.003],[9.214,42.578]],"c":true},"ix":2},"nm":"Path 1","mn":"ADBE Vector Shape - Group","hd":false},{"ty":"fl","c":{"a":0,"k":[0.7411764705882353,0.06274509803921569,0.8784313725490196,1],"ix":4},"o":{"a":0,"k":100,"ix":5},"r":1,"bm":0,"nm":"Fill 1","mn":"ADBE Vector Graphic - Fill","hd":false},{"ty":"tr","p":{"a":0,"k":[501.546,156.908],"ix":2},"a":{"a":0,"k":[0,0],"ix":1},"s":{"a":0,"k":[100,100],"ix":3},"r":{"a":0,"k":0,"ix":6},"o":{"a":0,"k":100,"ix":7},"sk":{"a":0,"k":0,"ix":4},"sa":{"a":0,"k":0,"ix":5},"nm":"Transform"}],"nm":"Group 23","np":2,"cix":2,"bm":0,"ix":23,"mn":"ADBE Vector Group","hd":false},{"ty":"gr","it":[{"ind":0,"ty":"sh","ix":1,"ks":{"a":0,"k":{"i":[[3.651,0],[2.787,2.787],[0,0],[-5.574,5.572],[-5.575,-5.575],[0,0],[0,0],[-5.567,-5.574],[5.575,-5.571],[0,0]],"o":[[-3.651,0],[0,0],[-5.574,-5.571],[5.568,-5.575],[0,0],[0,0],[5.568,-5.574],[5.575,5.572],[0,0],[-2.785,2.787]],"v":[[1.221,77.214],[-8.869,73.034],[-133.365,-51.458],[-133.365,-71.64],[-113.184,-71.64],[1.221,42.758],[113.184,-69.201],[133.364,-69.201],[133.364,-49.019],[11.312,73.034]],"c":true},"ix":2},"nm":"Path 1","mn":"ADBE Vector Shape - Group","hd":false},{"ty":"fl","c":{"a":0,"k":[0.7411764705882353,0.06274509803921569,0.8784313725490196,1],"ix":4},"o":{"a":0,"k":100,"ix":5},"r":1,"bm":0,"nm":"Fill 1","mn":"ADBE Vector Graphic - Fill","hd":false},{"ty":"tr","p":{"a":0,"k":[499.982,255.522],"ix":2},"a":{"a":0,"k":[0,0],"ix":1},"s":{"a":0,"k":[100,100],"ix":3},"r":{"a":0,"k":0,"ix":6},"o":{"a":0,"k":100,"ix":7},"sk":{"a":0,"k":0,"ix":4},"sa":{"a":0,"k":0,"ix":5},"nm":"Transform"}],"nm":"Group 24","np":2,"cix":2,"bm":0,"ix":24,"mn":"ADBE Vector Group","hd":false},{"ty":"gr","it":[{"ind":0,"ty":"sh","ix":1,"ks":{"a":0,"k":{"i":[[7.882,0],[0,7.882],[0,0],[-7.881,0],[0,-7.882],[0,0]],"o":[[-7.881,0],[0,0],[0,-7.882],[7.882,0],[0,0],[0,7.882]],"v":[[0,201.927],[-14.272,187.656],[-14.272,-187.656],[0,-201.927],[14.271,-187.656],[14.271,187.656]],"c":true},"ix":2},"nm":"Path 1","mn":"ADBE Vector Shape - Group","hd":false},{"ty":"fl","c":{"a":0,"k":[0.7411764705882353,0.06274509803921569,0.8784313725490196,1],"ix":4},"o":{"a":0,"k":100,"ix":5},"r":1,"bm":0,"nm":"Fill 1","mn":"ADBE Vector Graphic - Fill","hd":false},{"ty":"tr","p":{"a":0,"k":[502.423,251.643],"ix":2},"a":{"a":0,"k":[0,0],"ix":1},"s":{"a":0,"k":[100,100],"ix":3},"r":{"a":0,"k":0,"ix":6},"o":{"a":0,"k":100,"ix":7},"sk":{"a":0,"k":0,"ix":4},"sa":{"a":0,"k":0,"ix":5},"nm":"Transform"}],"nm":"Group 25","np":2,"cix":2,"bm":0,"ix":25,"mn":"ADBE Vector Group","hd":false}],"ip":0,"op":300,"st":0,"bm":0}],"markers":[]}