{
  "images" : [
    {
      "resizing" : {
        "mode" : "9-part",
        "center" : {
          "mode" : "tile",
          "width" : 1,
          "height" : 1
        },
        "cap-insets" : {
          "bottom" : 4,
          "top" : 7,
          "right" : 3,
          "left" : 10
        }
      },
      "idiom" : "universal",
      "filename" : "message_gray.png",
      "scale" : "1x"
    },
    {
      "resizing" : {
        "mode" : "9-part",
        "center" : {
          "mode" : "tile",
          "width" : 1,
          "height" : 1
        },
        "cap-insets" : {
          "bottom" : 5,
          "top" : 11,
          "right" : 5,
          "left" : 18
        }
      },
      "idiom" : "universal",
      "filename" : "message_gray@2x.png",
      "scale" : "2x"
    },
    {
      "resizing" : {
        "mode" : "9-part",
        "center" : {
          "mode" : "tile",
          "width" : 1,
          "height" : 1
        },
        "cap-insets" : {
          "bottom" : 8,
          "top" : 15,
          "right" : 8,
          "left" : 27
        }
      },
      "idiom" : "universal",
      "filename" : "message_gray@3x.png",
      "scale" : "3x"
    }
  ],
  "info" : {
    "version" : 1,
    "author" : "xcode"
  }
}