{"v":"5.5.10","fr":50,"ip":0,"op":205,"w":375,"h":812,"nm":"컴포지션 1","ddd":0,"assets":[],"layers":[{"ddd":0,"ind":2,"ty":4,"nm":"로티용 텍스트 윤곽선","sr":1,"ks":{"o":{"a":1,"k":[{"i":{"x":[0.667],"y":[1]},"o":{"x":[0.333],"y":[0]},"t":138,"s":[0]},{"i":{"x":[0.833],"y":[1]},"o":{"x":[0.333],"y":[0]},"t":161,"s":[100]},{"i":{"x":[0.833],"y":[0.833]},"o":{"x":[0.167],"y":[0.167]},"t":190,"s":[100]},{"t":204,"s":[0]}],"ix":11},"r":{"a":0,"k":0,"ix":10},"p":{"a":1,"k":[{"i":{"x":0.667,"y":1},"o":{"x":0.333,"y":0},"t":138,"s":[184.5,485.5,0],"to":[0,-2.667,0],"ti":[0,2.667,0]},{"t":161,"s":[184.5,469.5,0]}],"ix":2},"a":{"a":0,"k":[2341.5,595.5,0],"ix":1},"s":{"a":1,"k":[{"i":{"x":[0.667,0.667,0.667],"y":[1,1,1]},"o":{"x":[0.333,0.333,0.333],"y":[0,0,0]},"t":138,"s":[13,13,100]},{"t":161,"s":[14,14,100]}],"ix":6}},"ao":0,"shapes":[{"ty":"gr","it":[{"ind":0,"ty":"sh","ix":1,"ks":{"a":0,"k":{"i":[[0,0]],"o":[[0,0]],"v":[[982.846,683]],"c":false},"ix":2},"nm":"패스 1","mn":"ADBE Vector Shape - Group","hd":false},{"ty":"fl","c":{"a":0,"k":[1,1,1,1],"ix":4},"o":{"a":0,"k":100,"ix":5},"r":1,"bm":0,"nm":"칠 1","mn":"ADBE Vector Graphic - Fill","hd":false},{"ty":"tr","p":{"a":0,"k":[0,0],"ix":2},"a":{"a":0,"k":[0,0],"ix":1},"s":{"a":0,"k":[100,100],"ix":3},"r":{"a":0,"k":0,"ix":6},"o":{"a":0,"k":100,"ix":7},"sk":{"a":0,"k":0,"ix":4},"sa":{"a":0,"k":0,"ix":5},"nm":"변형"}],"nm":"모양 1","np":3,"cix":2,"bm":0,"ix":1,"mn":"ADBE Vector Group","hd":false},{"ty":"gr","it":[{"ind":0,"ty":"sh","ix":1,"ks":{"a":0,"k":{"i":[[0,0],[0,5.654],[0,0],[0,0],[0,0],[0,0],[0,0],[-26.459,0],[0,0],[-11.054,11.268],[0,23.636],[11.354,11.571],[20.321,0],[10.912,-11.123],[0,-20.887],[0,0],[0,0],[0,0],[-20.635,20.662],[-33.775,0],[-20.496,-20.375],[0,-39.43],[12.681,-18.758],[19.794,-7.812],[4.215,-1.223],[10.562,-0.137],[0,0],[0,0],[5.655,0]],"o":[[-5.655,0],[0,0],[0,0],[0,0],[0,0],[0,0],[0,-26.459],[0,0],[20.314,0],[11.354,-11.572],[0,-26.676],[-11.043,-11.119],[-20.458,0],[-11.354,11.571],[0,0],[0,0],[0,0],[0,-33.959],[20.642,-20.523],[33.773,0],[20.785,20.959],[0,29.532],[-11.408,17.207],[-3.382,1.363],[-10.074,2.92],[0,0],[0,0],[0,5.654],[0,0]],"v":[[922.822,167.313],[912.566,157.058],[912.566,73.344],[-1137.318,73.344],[-1137.319,71.893],[-1138.77,71.893],[-1138.77,68.893],[-1090.785,20.909],[1026.487,20.909],[1073.761,3.929],[1090.872,-49.132],[1073.761,-106.772],[1026.487,-123.534],[979.211,-106.772],[962.1,-57.855],[962.1,-3.918],[912.566,-3.918],[912.566,-54.071],[943.664,-136.387],[1025.669,-167.313],[1107.454,-136.606],[1138.77,-45.606],[1119.659,27.171],[1072.629,64.889],[1061.329,68.737],[1030.229,73.344],[962.1,73.344],[962.1,157.058],[951.844,167.313]],"c":true},"ix":2},"nm":"패스 1","mn":"ADBE Vector Shape - Group","hd":false},{"ty":"fl","c":{"a":0,"k":[1,1,1,1],"ix":4},"o":{"a":0,"k":100,"ix":5},"r":1,"bm":0,"nm":"칠 1","mn":"ADBE Vector Graphic - Fill","hd":false},{"ty":"tr","p":{"a":0,"k":[1141.525,639.02],"ix":2},"a":{"a":0,"k":[0,0],"ix":1},"s":{"a":0,"k":[100,100],"ix":3},"r":{"a":0,"k":0,"ix":6},"o":{"a":0,"k":100,"ix":7},"sk":{"a":0,"k":0,"ix":4},"sa":{"a":0,"k":0,"ix":5},"nm":"변형"}],"nm":"그룹 1","np":2,"cix":2,"bm":0,"ix":2,"mn":"ADBE Vector Group","hd":false},{"ty":"gr","it":[{"ind":0,"ty":"sh","ix":1,"ks":{"a":0,"k":{"i":[[0,0],[19.727,19.998],[0,34.847],[0,0],[-6.455,0],[0,0],[0,-6.455],[0,0],[0,0],[0,-6.455],[0,0],[6.455,0],[0,0],[0,0],[-11.342,-11.051],[-20.366,0],[0,0],[-1.063,-2.648],[0,0],[0,0],[23.012,0]],"o":[[-34.784,-0.145],[-20.399,-20.531],[0,0],[0,-6.455],[0,0],[6.455,0],[0,0],[0,0],[6.455,0],[0,0],[0,6.455],[0,0],[0,0],[0,20.198],[10.96,10.943],[0,0],[0.889,0],[0,0],[0,0],[0,24.972],[0,0]],"v":[[-883.628,158.27],[-965.772,127.915],[-996.519,44.454],[-996.519,-146.562],[-984.812,-158.269],[-958.691,-158.269],[-946.985,-146.562],[-946.985,-68.3],[-889.038,-68.3],[-877.331,-56.593],[-877.331,-30.473],[-889.038,-18.767],[-946.985,-18.767],[-946.985,45.167],[-929.891,92.259],[-882.696,108.737],[987.794,108.737],[992.192,111.639],[998.813,111.639],[998.813,114.639],[950.065,158.27]],"c":true},"ix":2},"nm":"패스 1","mn":"ADBE Vector Shape - Group","hd":false},{"ty":"fl","c":{"a":0,"k":[1,1,1,1],"ix":4},"o":{"a":0,"k":100,"ix":5},"r":1,"bm":0,"nm":"칠 1","mn":"ADBE Vector Graphic - Fill","hd":false},{"ty":"tr","p":{"a":0,"k":[3686.198,542.485],"ix":2},"a":{"a":0,"k":[0,0],"ix":1},"s":{"a":0,"k":[100,100],"ix":3},"r":{"a":0,"k":0,"ix":6},"o":{"a":0,"k":100,"ix":7},"sk":{"a":0,"k":0,"ix":4},"sa":{"a":0,"k":0,"ix":5},"nm":"변형"}],"nm":"그룹 2","np":4,"cix":2,"bm":0,"ix":3,"mn":"ADBE Vector Group","hd":false},{"ty":"gr","it":[{"ind":0,"ty":"sh","ix":1,"ks":{"a":0,"k":{"i":[[20.447,0],[11.044,-10.912],[0,-23.282],[-11.329,-11.33],[-20.31,0],[-10.899,11.037],[0,23.141],[11.329,11.329]],"o":[[-20.315,0],[-11.316,11.317],[0,23.141],[11.041,11.045],[20.442,0],[11.343,-11.343],[0,-23.282],[-10.903,-10.904]],"v":[[0,-68.595],[-47.26,-52.15],[-64.32,-0.002],[-47.247,51.948],[0,68.594],[47.233,51.961],[64.32,-0.002],[47.247,-52.161]],"c":true},"ix":2},"nm":"패스 1","mn":"ADBE Vector Shape - Group","hd":false},{"ind":1,"ty":"sh","ix":2,"ks":{"a":0,"k":{"i":[[34.149,0],[20.714,20.721],[0,36.988],[-20.999,21.147],[-34.149,0],[-20.721,-20.573],[0,-36.979],[21.004,-21.004]],"o":[[-34.155,0],[-21.004,-21.003],[0,-36.98],[20.731,-20.588],[34.145,0],[21.014,21.163],[0,36.987],[-20.719,20.721]],"v":[[0,118.62],[-82.691,87.392],[-114.346,-0.002],[-82.699,-87.601],[0,-118.62],[82.684,-87.616],[114.346,-0.002],[82.691,87.392]],"c":true},"ix":2},"nm":"패스 2","mn":"ADBE Vector Shape - Group","hd":false},{"ty":"mm","mm":1,"nm":"패스 병합 1","mn":"ADBE Vector Filter - Merge","hd":false},{"ty":"fl","c":{"a":0,"k":[1,1,1,1],"ix":4},"o":{"a":0,"k":100,"ix":5},"r":1,"bm":0,"nm":"칠 1","mn":"ADBE Vector Graphic - Fill","hd":false},{"ty":"tr","p":{"a":0,"k":[2532.404,587.896],"ix":2},"a":{"a":0,"k":[0,0],"ix":1},"s":{"a":0,"k":[100,100],"ix":3},"r":{"a":0,"k":0,"ix":6},"o":{"a":0,"k":100,"ix":7},"sk":{"a":0,"k":0,"ix":4},"sa":{"a":0,"k":0,"ix":5},"nm":"변형"}],"nm":"그룹 3","np":4,"cix":2,"bm":0,"ix":4,"mn":"ADBE Vector Group","hd":false},{"ty":"gr","it":[{"ind":0,"ty":"sh","ix":1,"ks":{"a":0,"k":{"i":[[0,0],[0,4.855],[0,0],[-4.855,0],[0,0],[0,-4.855],[0,0],[4.856,0]],"o":[[-4.855,0],[0,0],[0,-4.855],[0,0],[4.856,0],[0,0],[0,4.855],[0,0]],"v":[[-15.962,159.721],[-24.767,150.916],[-24.767,-150.915],[-15.962,-159.72],[15.962,-159.72],[24.767,-150.915],[24.767,150.916],[15.962,159.721]],"c":true},"ix":2},"nm":"패스 1","mn":"ADBE Vector Shape - Group","hd":false},{"ty":"fl","c":{"a":0,"k":[1,1,1,1],"ix":4},"o":{"a":0,"k":100,"ix":5},"r":1,"bm":0,"nm":"칠 1","mn":"ADBE Vector Graphic - Fill","hd":false},{"ty":"tr","p":{"a":0,"k":[2348.765,543.937],"ix":2},"a":{"a":0,"k":[0,0],"ix":1},"s":{"a":0,"k":[100,100],"ix":3},"r":{"a":0,"k":0,"ix":6},"o":{"a":0,"k":100,"ix":7},"sk":{"a":0,"k":0,"ix":4},"sa":{"a":0,"k":0,"ix":5},"nm":"변형"}],"nm":"그룹 4","np":2,"cix":2,"bm":0,"ix":5,"mn":"ADBE Vector Group","hd":false}],"ip":0,"op":250,"st":0,"bm":0},{"ddd":0,"ind":5,"ty":4,"nm":"로티용 심볼 윤곽선","sr":1,"ks":{"o":{"a":1,"k":[{"i":{"x":[0.612],"y":[0.99]},"o":{"x":[0.276],"y":[0]},"t":0,"s":[0]},{"i":{"x":[0.838],"y":[1]},"o":{"x":[0.228],"y":[13.35]},"t":8,"s":[100]},{"i":{"x":[0.667],"y":[1]},"o":{"x":[0.333],"y":[0]},"t":190,"s":[100]},{"t":204,"s":[0]}],"ix":11},"r":{"a":1,"k":[{"i":{"x":[0.833],"y":[1]},"o":{"x":[0.167],"y":[0]},"t":0,"s":[54]},{"i":{"x":[0.667],"y":[1]},"o":{"x":[0.167],"y":[0]},"t":12,"s":[79]},{"i":{"x":[0.667],"y":[1]},"o":{"x":[0.333],"y":[0]},"t":13,"s":[86]},{"t":25,"s":[0]}],"ix":10},"p":{"a":1,"k":[{"i":{"x":0.833,"y":0.833},"o":{"x":0.333,"y":0.333},"t":0,"s":[191,389.5,0],"to":[0,0,0],"ti":[0,0,0]},{"i":{"x":0.667,"y":1},"o":{"x":0.333,"y":0},"t":137,"s":[191,389.5,0],"to":[0,-5.667,0],"ti":[0,5.667,0]},{"t":162,"s":[191,355.5,0]}],"ix":2},"a":{"a":0,"k":[468,595.5,0],"ix":1},"s":{"a":1,"k":[{"i":{"x":[0.833,0.833,0.833],"y":[1,1,1]},"o":{"x":[0.167,0.167,0.167],"y":[0,0,0]},"t":0,"s":[0,0,100]},{"i":{"x":[0.667,0.667,0.667],"y":[1,1,1]},"o":{"x":[0.333,0.333,0.333],"y":[0,0,0]},"t":13,"s":[0,0,100]},{"i":{"x":[0.833,0.833,0.833],"y":[1,1,1]},"o":{"x":[0.333,0.333,0.333],"y":[0,0,0]},"t":25,"s":[11,11,100]},{"i":{"x":[0.833,0.833,0.833],"y":[1,1,1]},"o":{"x":[0.167,0.167,0.167],"y":[0,0,0]},"t":28,"s":[14,14,100]},{"i":{"x":[0.833,0.833,0.833],"y":[1,1,1]},"o":{"x":[0.167,0.167,0.167],"y":[0,0,0]},"t":34,"s":[12,12,100]},{"i":{"x":[0.833,0.833,0.833],"y":[1,1,1]},"o":{"x":[0.167,0.167,0.167],"y":[0,0,0]},"t":84,"s":[12,12,100]},{"i":{"x":[0.833,0.833,0.833],"y":[1,1,1]},"o":{"x":[0.167,0.167,0.167],"y":[0,0,0]},"t":87,"s":[15,15,100]},{"i":{"x":[0.833,0.833,0.833],"y":[1,1,1]},"o":{"x":[0.167,0.167,0.167],"y":[0,0,0]},"t":91,"s":[11,11,100]},{"i":{"x":[0.833,0.833,0.833],"y":[1,1,1]},"o":{"x":[0.167,0.167,0.167],"y":[0,0,0]},"t":94,"s":[12,12,100]},{"i":{"x":[0.833,0.833,0.833],"y":[1,1,1]},"o":{"x":[0.167,0.167,0.167],"y":[0,0,0]},"t":122,"s":[12,12,100]},{"i":{"x":[0.833,0.833,0.833],"y":[1,1,1]},"o":{"x":[0.167,0.167,0.167],"y":[0,0,0]},"t":124,"s":[14,14,100]},{"i":{"x":[0.833,0.833,0.833],"y":[1,1,1]},"o":{"x":[0.167,0.167,0.167],"y":[0,0,0]},"t":129,"s":[11,11,100]},{"i":{"x":[0.833,0.833,0.833],"y":[1,1,1]},"o":{"x":[0.167,0.167,0.167],"y":[0,0,0]},"t":132,"s":[12,12,100]},{"i":{"x":[0.833,0.833,0.833],"y":[1,1,1]},"o":{"x":[0.167,0.167,0.167],"y":[0,0,0]},"t":137,"s":[12,12,100]},{"t":162,"s":[14.5,14.5,100]}],"ix":6}},"ao":0,"shapes":[{"ty":"gr","it":[{"ind":0,"ty":"sh","ix":1,"ks":{"a":0,"k":{"i":[[5.681,-0.379],[45.276,-45.275],[3.954,-59.233],[-53.941,-53.941],[0,0],[0,0],[0,0],[0,0],[0,0],[0,0],[0,0],[0,0],[0,0],[0,0],[-65.281,65.282],[-65.28,-65.28],[0,0],[0,0],[0,0],[0,0],[16.968,-16.968],[-16.968,-16.968],[0,0],[0,0],[0,0],[0,0],[0,0],[0,0],[0,0],[0,0],[-0.447,0.448],[-0.443,0.45],[4.691,70.006],[45.259,45.261],[21.556,11.516],[32.591,3.254],[39.486,-16.674],[3.111,-1.857],[2.609,-2.61],[-17.016,-17.016],[-13.808,2.763],[-1.951,0.687],[0.005,-0.006],[-0.018,0.008],[-0.218,0.081],[-0.119,0.116],[-0.937,0.459],[-38.977,-13.225],[-18.747,-18.747],[65.282,-65.281],[0,0],[0,0],[0,0],[0,0],[0,0],[-1.093,-1.094],[-1.176,-0.954],[-15.921,15.921],[17.015,17.015],[0,0],[0,0],[0,0],[0,0],[0,0],[65.006,0.001]],"o":[[-59.234,3.955],[-45.277,45.277],[-4.712,70.571],[0,0],[0,0],[0,0],[0,0],[0,0],[0,0],[0,0],[0,0],[0,0],[0,0],[-65.28,-65.28],[65.281,-65.281],[0,0],[0,0],[0,0],[0,0],[-16.969,-16.968],[-16.968,16.968],[0,0],[0,0],[0,0],[0,0],[0,0],[0,0],[0,0],[0,0],[0.449,-0.443],[0.447,-0.447],[53.028,-53.808],[-3.966,-59.212],[-18.177,-18.176],[-29.609,-15.82],[-42.001,-4.193],[-3.393,1.013],[-3.03,1.809],[-17.016,17.016],[10.704,10.704],[2.013,-0.404],[-0.008,0.004],[0.018,-0.008],[0.219,-0.076],[0.443,-0.167],[0.961,-0.385],[38.136,-16.382],[23.517,7.979],[65.282,65.281],[0,0],[0,0],[0,0],[0,0],[0,0],[0.955,1.176],[1.097,1.095],[17.112,13.873],[17.015,-17.016],[0,0],[0,0],[0,0],[0,0],[0,0],[-49.598,-49.598],[-5.692,0]],"v":[[-228.25,-413.607],[-390.877,-339.833],[-464.653,-177.204],[-390.877,19.466],[-289.475,120.867],[-228.029,182.314],[-57.613,352.731],[3.835,414.177],[65.28,352.731],[3.835,291.284],[-166.582,120.867],[-194.208,93.241],[-228.029,59.421],[-329.432,-41.982],[-329.431,-278.385],[-93.028,-278.385],[-33.853,-219.211],[-1.219,-186.576],[-91.648,-96.146],[-183.457,-187.956],[-244.904,-187.956],[-244.904,-126.508],[-143.502,-25.107],[-131.597,-13.201],[-82.055,36.341],[-68.454,49.942],[88.361,206.758],[149.808,268.205],[211.254,206.758],[389.537,28.476],[390.903,27.175],[392.203,25.809],[464.674,-169.557],[390.904,-332.122],[330.912,-376.625],[236.64,-405.247],[112.33,-386.487],[102.552,-382.138],[94.033,-375.558],[94.033,-313.938],[133.431,-302.039],[139.384,-303.68],[139.342,-303.659],[139.395,-303.683],[140.038,-303.956],[141.099,-304.422],[143.951,-305.674],[265.056,-310.771],[329.422,-270.708],[329.422,-34.305],[194.17,100.948],[149.808,145.31],[33.134,28.635],[123.564,-61.794],[149.605,-35.752],[152.672,-32.339],[156.086,-29.271],[214.293,-32.339],[214.293,-93.958],[131.269,-176.982],[69.822,-238.43],[68.586,-239.666],[6.006,-302.245],[-31.581,-339.833],[-211.188,-414.177]],"c":true},"ix":2},"nm":"패스 1","mn":"ADBE Vector Shape - Group","hd":false},{"ind":1,"ty":"sh","ix":2,"ks":{"a":0,"k":{"i":[[0,0],[0,0],[-2.642,-2.642],[1.885,-1.885],[0,0]],"o":[[0,0],[1.885,-1.886],[2.64,2.64],[0,0],[0,0]],"v":[[40.088,-187.073],[52.679,-199.664],[60.876,-198.297],[62.243,-190.101],[49.652,-177.51]],"c":true},"ix":2},"nm":"패스 2","mn":"ADBE Vector Shape - Group","hd":false},{"ind":2,"ty":"sh","ix":3,"ks":{"a":0,"k":{"i":[[0,0],[0,0],[0,0],[0,0]],"o":[[0,0],[0,0],[0,0],[0,0]],"v":[[9.075,-156.063],[32.878,-179.864],[42.442,-170.299],[18.641,-146.498]],"c":true},"ix":2},"nm":"패스 3","mn":"ADBE Vector Shape - Group","hd":false},{"ind":3,"ty":"sh","ix":4,"ks":{"a":0,"k":{"i":[[0.438,0.437],[0,0],[-0.875,0.874],[0,0],[-0.874,-0.875],[0,0],[0.875,-0.875],[0,0],[0.573,0]],"o":[[0,0],[-0.875,-0.875],[0,0],[0.876,-0.875],[0,0],[0.874,0.875],[0,0],[-0.437,0.437],[-0.574,0]],"v":[[86.316,-115.081],[49.32,-152.078],[49.32,-155.247],[67.035,-172.963],[70.204,-172.963],[107.201,-135.966],[107.201,-132.799],[89.484,-115.081],[87.901,-114.425]],"c":true},"ix":2},"nm":"패스 4","mn":"ADBE Vector Shape - Group","hd":false},{"ind":4,"ty":"sh","ix":5,"ks":{"a":0,"k":{"i":[[0,0],[0,0],[0,0],[0,0]],"o":[[0,0],[0,0],[0,0],[0,0]],"v":[[-21.973,-125.013],[1.829,-148.815],[11.393,-139.25],[-12.408,-115.45]],"c":true},"ix":2},"nm":"패스 5","mn":"ADBE Vector Shape - Group","hd":false},{"ind":5,"ty":"sh","ix":6,"ks":{"a":0,"k":{"i":[[0.437,0.437],[0,0],[-0.874,0.876],[0,0],[-0.876,-0.875],[0,0],[0.875,-0.875],[0,0],[0.573,0]],"o":[[0,0],[-0.874,-0.874],[0,0],[0.875,-0.875],[0,0],[0.875,0.874],[0,0],[-0.437,0.437],[-0.573,0]],"v":[[43.635,-72.399],[6.637,-109.396],[6.637,-112.565],[28.042,-133.969],[31.21,-133.969],[68.205,-96.971],[68.205,-93.804],[46.802,-72.399],[45.218,-71.743]],"c":true},"ix":2},"nm":"패스 6","mn":"ADBE Vector Shape - Group","hd":false},{"ind":6,"ty":"sh","ix":7,"ks":{"a":0,"k":{"i":[[0,0],[0,0],[-2.641,-2.64],[1.886,-1.885],[0,0]],"o":[[0,0],[1.886,-1.886],[2.641,2.641],[0,0],[0,0]],"v":[[112.544,-114.617],[125.134,-127.208],[133.331,-125.841],[134.699,-117.646],[122.107,-105.054]],"c":true},"ix":2},"nm":"패스 7","mn":"ADBE Vector Shape - Group","hd":false},{"ind":7,"ty":"sh","ix":8,"ks":{"a":0,"k":{"i":[[0,0],[0,0],[0,0],[0,0]],"o":[[0,0],[0,0],[0,0],[0,0]],"v":[[-53.022,-93.964],[-29.22,-117.766],[-19.656,-108.201],[-43.458,-84.399]],"c":true},"ix":2},"nm":"패스 8","mn":"ADBE Vector Shape - Group","hd":false},{"ind":8,"ty":"sh","ix":9,"ks":{"a":0,"k":{"i":[[0,0],[0,0],[0,0],[0,0]],"o":[[0,0],[0,0],[0,0],[0,0]],"v":[[81.532,-83.607],[105.334,-107.409],[114.898,-97.844],[91.096,-74.042]],"c":true},"ix":2},"nm":"패스 9","mn":"ADBE Vector Shape - Group","hd":false},{"ind":9,"ty":"sh","ix":10,"ks":{"a":0,"k":{"i":[[0.438,0.437],[0,0],[-0.875,0.875],[0,0],[-0.874,-0.875],[0,0],[0.875,-0.875],[0,0],[0.573,0]],"o":[[0,0],[-0.875,-0.874],[0,0],[0.875,-0.875],[0,0],[0.874,0.875],[0,0],[-0.438,0.437],[-0.573,0]],"v":[[0.952,-29.716],[-36.045,-66.714],[-36.045,-69.883],[-14.641,-91.286],[-11.473,-91.286],[25.524,-54.289],[25.523,-51.122],[4.12,-29.716],[2.536,-29.062]],"c":true},"ix":2},"nm":"패스 10","mn":"ADBE Vector Shape - Group","hd":false},{"ind":10,"ty":"sh","ix":11,"ks":{"a":0,"k":{"i":[[0,0],[0,0],[0,0],[0,0]],"o":[[0,0],[0,0],[0,0],[0,0]],"v":[[-84.071,-62.916],[-60.27,-86.717],[-50.705,-77.153],[-74.507,-53.352]],"c":true},"ix":2},"nm":"패스 11","mn":"ADBE Vector Shape - Group","hd":false},{"ind":11,"ty":"sh","ix":12,"ks":{"a":0,"k":{"i":[[0,0],[0,0],[0,0],[0,0]],"o":[[0,0],[0,0],[0,0],[0,0]],"v":[[50.483,-52.557],[74.285,-76.359],[83.849,-66.795],[60.048,-42.992]],"c":true},"ix":2},"nm":"패스 12","mn":"ADBE Vector Shape - Group","hd":false},{"ind":12,"ty":"sh","ix":13,"ks":{"a":0,"k":{"i":[[1.606,1.606],[-1.885,1.886],[0,0],[0,0],[0,0],[1.117,0]],"o":[[-2.641,-2.641],[0,0],[0,0],[0,0],[-0.739,0.739],[-1.735,0]],"v":[[-102.853,-34.568],[-104.221,-42.766],[-91.196,-55.789],[-81.632,-46.226],[-94.657,-33.201],[-97.526,-32.107]],"c":true},"ix":2},"nm":"패스 13","mn":"ADBE Vector Shape - Group","hd":false},{"ind":13,"ty":"sh","ix":14,"ks":{"a":0,"k":{"i":[[0.437,0.437],[0,0],[-0.874,0.874],[0,0],[-0.875,-0.875],[0,0],[0.875,-0.874],[0,0],[0.573,0]],"o":[[0,0],[-0.874,-0.875],[0,0],[0.876,-0.875],[0,0],[0.875,0.875],[0,0],[-0.438,0.437],[-0.573,0]],"v":[[-38.043,9.278],[-75.04,-27.719],[-75.04,-30.886],[-57.324,-48.604],[-54.155,-48.604],[-17.159,-11.607],[-17.159,-8.44],[-34.875,9.278],[-36.459,9.934]],"c":true},"ix":2},"nm":"패스 14","mn":"ADBE Vector Shape - Group","hd":false},{"ind":14,"ty":"sh","ix":15,"ks":{"a":0,"k":{"i":[[0,0],[0,0],[0,0],[0,0]],"o":[[0,0],[0,0],[0,0],[0,0]],"v":[[19.434,-21.508],[43.236,-45.31],[52.799,-35.745],[28.999,-11.945]],"c":true},"ix":2},"nm":"패스 15","mn":"ADBE Vector Shape - Group","hd":false},{"ind":15,"ty":"sh","ix":16,"ks":{"a":0,"k":{"i":[[0,0],[0,0],[0,0],[0,0]],"o":[[0,0],[0,0],[0,0],[0,0]],"v":[[-11.615,9.541],[12.186,-14.261],[21.751,-4.696],[-2.05,19.104]],"c":true},"ix":2},"nm":"패스 16","mn":"ADBE Vector Shape - Group","hd":false},{"ind":16,"ty":"sh","ix":17,"ks":{"a":0,"k":{"i":[[1.606,1.606],[-1.886,1.886],[0,0],[0,0],[0,0],[1.117,0]],"o":[[-2.64,-2.641],[0,0],[0,0],[0,0],[-0.739,0.739],[-1.735,0]],"v":[[-30.398,37.888],[-31.765,29.69],[-18.741,16.667],[-9.177,26.231],[-22.201,39.255],[-25.07,40.349]],"c":true},"ix":2},"nm":"패스 17","mn":"ADBE Vector Shape - Group","hd":false},{"ty":"mm","mm":1,"nm":"패스 병합 1","mn":"ADBE Vector Filter - Merge","hd":false},{"ty":"fl","c":{"a":0,"k":[1,1,1,1],"ix":4},"o":{"a":0,"k":100,"ix":5},"r":1,"bm":0,"nm":"칠 1","mn":"ADBE Vector Graphic - Fill","hd":false},{"ty":"tr","p":{"a":0,"k":[468.226,600.423],"ix":2},"a":{"a":0,"k":[0,0],"ix":1},"s":{"a":0,"k":[100,100],"ix":3},"r":{"a":0,"k":0,"ix":6},"o":{"a":0,"k":100,"ix":7},"sk":{"a":0,"k":0,"ix":4},"sa":{"a":0,"k":0,"ix":5},"nm":"변형"}],"nm":"그룹 1","np":19,"cix":2,"bm":0,"ix":1,"mn":"ADBE Vector Group","hd":false},{"ty":"gr","it":[{"ind":0,"ty":"sh","ix":1,"ks":{"a":0,"k":{"i":[[0,0],[0,0],[0,0],[0,0]],"o":[[0,0],[0,0],[0,0],[0,0]],"v":[[-1.506,21.175],[-11.07,11.612],[12.731,-12.19],[22.295,-2.625]],"c":true},"ix":2},"nm":"패스 1","mn":"ADBE Vector Shape - Group","hd":false},{"ind":1,"ty":"sh","ix":2,"ks":{"a":0,"k":{"i":[[0,0],[0,0],[2.641,2.641],[-1.886,1.886],[0,0]],"o":[[0,0],[-1.886,1.886],[-2.641,-2.641],[0,0],[0,0]],"v":[[-8.631,28.302],[-21.656,41.326],[-29.853,39.958],[-31.22,31.762],[-18.196,18.737]],"c":true},"ix":2},"nm":"패스 2","mn":"ADBE Vector Shape - Group","hd":false},{"ind":2,"ty":"sh","ix":3,"ks":{"a":0,"k":{"i":[[-1.886,1.886],[0,0],[0,0],[0,0],[2.641,2.641]],"o":[[0,0],[0,0],[0,0],[-1.886,1.886],[-2.641,-2.641]],"v":[[-103.676,-40.695],[-90.652,-53.719],[-81.087,-44.154],[-94.112,-31.13],[-102.309,-32.497]],"c":true},"ix":2},"nm":"패스 3","mn":"ADBE Vector Shape - Group","hd":false},{"ind":3,"ty":"sh","ix":4,"ks":{"a":0,"k":{"i":[[-0.875,-0.875],[0,0],[0.875,-0.875],[0,0],[0.875,0.875],[0,0],[-0.875,0.875],[0,0]],"o":[[0,0],[0.875,0.874],[0,0],[-0.874,0.875],[0,0],[-0.875,-0.874],[0,0],[0.875,-0.875]],"v":[[-53.61,-46.532],[-16.614,-9.536],[-16.614,-6.367],[-34.331,11.349],[-37.499,11.349],[-74.495,-25.648],[-74.495,-28.816],[-56.779,-46.532]],"c":true},"ix":2},"nm":"패스 4","mn":"ADBE Vector Shape - Group","hd":false},{"ind":4,"ty":"sh","ix":5,"ks":{"a":0,"k":{"i":[[0,0],[0,0],[0,0],[0,0]],"o":[[0,0],[0,0],[0,0],[0,0]],"v":[[-83.526,-60.844],[-59.725,-84.646],[-50.16,-75.081],[-73.962,-51.281]],"c":true},"ix":2},"nm":"패스 5","mn":"ADBE Vector Shape - Group","hd":false},{"ind":5,"ty":"sh","ix":6,"ks":{"a":0,"k":{"i":[[0,0],[-0.875,0.874],[0,0],[-0.875,-0.874],[0,0],[0.875,-0.875],[0,0],[0.875,0.875]],"o":[[-0.875,-0.875],[0,0],[0.875,-0.875],[0,0],[0.874,0.875],[0,0],[-0.875,0.875],[0,0]],"v":[[-35.5,-64.643],[-35.5,-67.81],[-14.096,-89.214],[-10.928,-89.216],[26.069,-52.219],[26.068,-49.05],[4.664,-27.646],[1.496,-27.646]],"c":true},"ix":2},"nm":"패스 6","mn":"ADBE Vector Shape - Group","hd":false},{"ind":6,"ty":"sh","ix":7,"ks":{"a":0,"k":{"i":[[0,0],[0,0],[0,0],[0,0]],"o":[[0,0],[0,0],[0,0],[0,0]],"v":[[-52.477,-91.893],[-28.675,-115.695],[-19.111,-106.13],[-42.913,-82.329]],"c":true},"ix":2},"nm":"패스 7","mn":"ADBE Vector Shape - Group","hd":false},{"ind":7,"ty":"sh","ix":8,"ks":{"a":0,"k":{"i":[[0,0],[0,0],[0,0],[0,0]],"o":[[0,0],[0,0],[0,0],[0,0]],"v":[[51.028,-50.487],[74.829,-74.289],[84.394,-64.724],[60.592,-40.922]],"c":true},"ix":2},"nm":"패스 8","mn":"ADBE Vector Shape - Group","hd":false},{"ind":8,"ty":"sh","ix":9,"ks":{"a":0,"k":{"i":[[0,0],[0,0],[0,0],[0,0]],"o":[[0,0],[0,0],[0,0],[0,0]],"v":[[-21.428,-122.943],[2.373,-146.744],[11.938,-137.18],[-11.864,-113.378]],"c":true},"ix":2},"nm":"패스 9","mn":"ADBE Vector Shape - Group","hd":false},{"ind":9,"ty":"sh","ix":10,"ks":{"a":0,"k":{"i":[[-0.875,-0.875],[0,0],[0.875,-0.875],[0,0],[0.874,0.874],[0,0],[-0.875,0.875],[0,0]],"o":[[0,0],[0.875,0.874],[0,0],[-0.874,0.874],[0,0],[-0.875,-0.874],[0,0],[0.875,-0.875]],"v":[[31.754,-131.898],[68.75,-94.901],[68.75,-91.732],[47.346,-70.328],[44.179,-70.328],[7.182,-107.326],[7.182,-110.494],[28.586,-131.898]],"c":true},"ix":2},"nm":"패스 10","mn":"ADBE Vector Shape - Group","hd":false},{"ind":10,"ty":"sh","ix":11,"ks":{"a":0,"k":{"i":[[0,0],[0,0],[0,0],[0,0]],"o":[[0,0],[0,0],[0,0],[0,0]],"v":[[9.62,-153.992],[33.422,-177.794],[42.987,-168.229],[19.185,-144.427]],"c":true},"ix":2},"nm":"패스 11","mn":"ADBE Vector Shape - Group","hd":false},{"ind":11,"ty":"sh","ix":12,"ks":{"a":0,"k":{"i":[[0,0],[0,0],[-2.641,-2.641],[1.886,-1.886],[0,0]],"o":[[0,0],[1.886,-1.885],[2.641,2.641],[0,0],[0,0]],"v":[[40.632,-185.003],[53.223,-197.594],[61.42,-196.227],[62.787,-188.029],[50.197,-175.438]],"c":true},"ix":2},"nm":"패스 12","mn":"ADBE Vector Shape - Group","hd":false},{"ind":12,"ty":"sh","ix":13,"ks":{"a":0,"k":{"i":[[1.885,-1.885],[0,0],[0,0],[0,0],[-2.641,-2.641]],"o":[[0,0],[0,0],[0,0],[1.886,-1.886],[2.641,2.641]],"v":[[135.244,-115.575],[122.652,-102.982],[113.088,-112.547],[125.679,-125.138],[133.876,-123.771]],"c":true},"ix":2},"nm":"패스 13","mn":"ADBE Vector Shape - Group","hd":false},{"ind":13,"ty":"sh","ix":14,"ks":{"a":0,"k":{"i":[[0.875,0.875],[0,0],[-0.875,0.874],[0,0],[-0.874,-0.875],[0,0],[0.875,-0.875],[0,0]],"o":[[0,0],[-0.875,-0.875],[0,0],[0.875,-0.875],[0,0],[0.874,0.875],[0,0],[-0.874,0.875]],"v":[[86.861,-113.011],[49.865,-150.008],[49.865,-153.175],[67.58,-170.891],[70.748,-170.891],[107.745,-133.896],[107.745,-130.727],[90.029,-113.011]],"c":true},"ix":2},"nm":"패스 14","mn":"ADBE Vector Shape - Group","hd":false},{"ind":14,"ty":"sh","ix":15,"ks":{"a":0,"k":{"i":[[0,0],[0,0],[0,0],[0,0]],"o":[[0,0],[0,0],[0,0],[0,0]],"v":[[115.443,-95.773],[91.641,-71.971],[82.077,-81.536],[105.878,-105.338]],"c":true},"ix":2},"nm":"패스 15","mn":"ADBE Vector Shape - Group","hd":false},{"ind":15,"ty":"sh","ix":16,"ks":{"a":0,"k":{"i":[[0,0],[0,0],[0,0],[0,0]],"o":[[0,0],[0,0],[0,0],[0,0]],"v":[[53.344,-33.675],[29.543,-9.873],[19.979,-19.438],[43.781,-43.24]],"c":true},"ix":2},"nm":"패스 16","mn":"ADBE Vector Shape - Group","hd":false},{"ind":16,"ty":"sh","ix":17,"ks":{"a":0,"k":{"i":[[21.556,11.516],[32.592,3.254],[39.487,-16.674],[3.111,-1.857],[2.61,-2.609],[-17.015,-17.016],[-13.808,2.764],[-1.951,0.688],[0.005,-0.005],[-0.018,0.009],[-0.217,0.081],[-0.12,0.114],[-0.937,0.457],[-38.978,-13.225],[-18.748,-18.749],[65.281,-65.281],[0,0],[0,0],[0,0],[0,0],[0,0],[-1.094,-1.094],[-1.176,-0.954],[-15.921,15.921],[17.016,17.015],[0,0],[0,0],[0,0],[0,0],[0,0],[70.571,-4.711],[45.276,-45.276],[3.955,-59.233],[-53.941,-53.94],[0,0],[0,0],[0,0],[0,0],[0,0],[0,0],[0,0],[0,0],[0,0],[0,0],[-65.282,65.282],[-65.281,-65.281],[0,0],[0,0],[0,0],[0,0],[16.969,-16.968],[-16.968,-16.968],[0,0],[0,0],[0,0],[0,0],[0,0],[0,0],[0,0],[0,0],[-0.448,0.448],[-0.442,0.45],[4.691,70.006],[45.259,45.261]],"o":[[-29.609,-15.82],[-42,-4.193],[-3.392,1.014],[-3.03,1.809],[-17.015,17.016],[10.705,10.705],[2.013,-0.403],[-0.008,0.006],[0.018,-0.008],[0.219,-0.077],[0.444,-0.166],[0.961,-0.386],[38.136,-16.384],[23.517,7.979],[65.281,65.28],[0,0],[0,0],[0,0],[0,0],[0,0],[0.955,1.176],[1.096,1.095],[17.113,13.873],[17.016,-17.016],[0,0],[0,0],[0,0],[0,0],[0,0],[-53.941,-53.94],[-59.235,3.954],[-45.277,45.277],[-4.71,70.571],[0,0],[0,0],[0,0],[0,0],[0,0],[0,0],[0,0],[0,0],[0,0],[0,0],[-65.281,-65.281],[65.28,-65.281],[0,0],[0,0],[0,0],[0,0],[-16.968,-16.968],[-16.968,16.968],[0,0],[0,0],[0,0],[0,0],[0,0],[0,0],[0,0],[0,0],[0.45,-0.443],[0.447,-0.447],[53.029,-53.808],[-3.967,-59.212],[-18.177,-18.176]],"v":[[331.456,-374.555],[237.184,-403.177],[112.874,-384.417],[103.097,-380.067],[94.577,-373.487],[94.577,-311.867],[133.976,-299.969],[139.928,-301.609],[139.887,-301.59],[139.94,-301.612],[140.582,-301.885],[141.644,-302.351],[144.495,-303.602],[265.601,-308.7],[329.967,-268.637],[329.967,-32.234],[194.715,103.018],[150.353,147.38],[33.679,30.706],[124.109,-59.722],[150.15,-33.68],[153.217,-30.268],[156.63,-27.201],[214.837,-30.268],[214.837,-91.888],[131.813,-174.911],[70.367,-236.359],[69.131,-237.594],[6.55,-300.174],[-31.036,-337.762],[-227.705,-411.536],[-390.333,-337.762],[-464.109,-175.133],[-390.333,21.536],[-288.931,122.938],[-227.484,184.385],[-57.068,354.802],[4.379,416.247],[65.826,354.802],[4.379,293.354],[-166.038,122.938],[-193.664,95.312],[-227.484,61.492],[-328.887,-39.911],[-328.886,-276.315],[-92.483,-276.315],[-33.308,-217.14],[-0.674,-184.505],[-91.104,-94.076],[-182.913,-185.885],[-244.36,-185.885],[-244.36,-124.438],[-142.957,-23.034],[-131.053,-11.13],[-81.51,38.411],[-67.909,52.012],[88.906,208.828],[150.353,270.276],[211.799,208.828],[390.081,30.546],[391.448,29.247],[392.747,27.88],[465.219,-167.485],[391.449,-330.051]],"c":true},"ix":2},"nm":"패스 17","mn":"ADBE Vector Shape - Group","hd":false},{"ty":"mm","mm":1,"nm":"패스 병합 1","mn":"ADBE Vector Filter - Merge","hd":false},{"ty":"fl","c":{"a":0,"k":[1,1,1,1],"ix":4},"o":{"a":0,"k":100,"ix":5},"r":1,"bm":0,"nm":"칠 1","mn":"ADBE Vector Graphic - Fill","hd":false},{"ty":"tr","p":{"a":0,"k":[467.681,598.352],"ix":2},"a":{"a":0,"k":[0,0],"ix":1},"s":{"a":0,"k":[100,100],"ix":3},"r":{"a":0,"k":0,"ix":6},"o":{"a":0,"k":100,"ix":7},"sk":{"a":0,"k":0,"ix":4},"sa":{"a":0,"k":0,"ix":5},"nm":"변형"}],"nm":"그룹 2","np":21,"cix":2,"bm":0,"ix":2,"mn":"ADBE Vector Group","hd":false}],"ip":0,"op":250,"st":0,"bm":0},{"ddd":0,"ind":8,"ty":4,"nm":"모양 레이어 1","sr":1,"ks":{"o":{"a":1,"k":[{"i":{"x":[0.611],"y":[0.99]},"o":{"x":[0.275],"y":[0]},"t":0,"s":[0]},{"i":{"x":[0.838],"y":[1]},"o":{"x":[0.229],"y":[13.356]},"t":8,"s":[100]},{"i":{"x":[0.667],"y":[1]},"o":{"x":[0.333],"y":[0]},"t":183,"s":[100]},{"t":197,"s":[0]}],"ix":11},"r":{"a":0,"k":0,"ix":10},"p":{"a":0,"k":[189.25,380.75,0],"ix":2},"a":{"a":0,"k":[59.29,45,0],"ix":1},"s":{"a":1,"k":[{"i":{"x":[0.833,0.833,0.833],"y":[1,1,1]},"o":{"x":[0.167,0.167,0.167],"y":[0,0,0]},"t":0,"s":[0,0,100]},{"i":{"x":[0.667,0.667,0.667],"y":[1,1,1]},"o":{"x":[0.333,0.333,0.333],"y":[0,0,0]},"t":13,"s":[0,0,100]},{"i":{"x":[0.833,0.833,0.833],"y":[1,1,1]},"o":{"x":[0.167,0.167,0.167],"y":[0,0,0]},"t":25,"s":[121,121,100]},{"i":{"x":[0.833,0.833,0.833],"y":[1,1,1]},"o":{"x":[0.167,0.167,0.167],"y":[0,0,0]},"t":28,"s":[161,161,100]},{"i":{"x":[0.564,0.564,0.564],"y":[-1.704,-1.704,0.857]},"o":{"x":[0.182,0.182,0.182],"y":[0,0,0]},"t":34,"s":[143,143,100]},{"i":{"x":[0.841,0.841,0.841],"y":[1,1,1]},"o":{"x":[0.38,0.38,0.38],"y":[0.883,0.883,0.186]},"t":38,"s":[143,143,100]},{"i":{"x":[0.833,0.833,0.833],"y":[1,1,1]},"o":{"x":[0.167,0.167,0.167],"y":[0,0,0]},"t":44,"s":[147,147,100]},{"i":{"x":[0.833,0.833,0.833],"y":[1,1,1]},"o":{"x":[0.167,0.167,0.167],"y":[0,0,0]},"t":53,"s":[168,168,100]},{"t":64,"s":[927,927,100]}],"ix":6}},"ao":0,"shapes":[{"ty":"gr","it":[{"ind":0,"ty":"sh","ix":1,"ks":{"a":0,"k":{"i":[[28.995,0],[0,-28.995],[-28.995,0],[0,28.995]],"o":[[-28.995,0],[0,28.995],[28.995,0],[0,-28.995]],"v":[[0,-52.5],[-52.5,0],[0,52.5],[52.5,0]],"c":true},"ix":2},"nm":"패스 1","mn":"ADBE Vector Shape - Group","hd":false},{"ty":"fl","c":{"a":0,"k":[0.976470588235,0.419607843137,0.043137254902,1],"ix":4},"o":{"a":0,"k":100,"ix":5},"r":1,"bm":0,"nm":"칠 1","mn":"ADBE Vector Graphic - Fill","hd":false},{"ty":"tr","p":{"a":0,"k":[59.5,44.5],"ix":2},"a":{"a":0,"k":[0,0],"ix":1},"s":{"a":0,"k":[100,100],"ix":3},"r":{"a":0,"k":0,"ix":6},"o":{"a":0,"k":100,"ix":7},"sk":{"a":0,"k":0,"ix":4},"sa":{"a":0,"k":0,"ix":5},"nm":"변형"}],"nm":"타원 1","np":3,"cix":2,"bm":0,"ix":1,"mn":"ADBE Vector Group","hd":false}],"ip":0,"op":250,"st":0,"bm":0}],"markers":[]}