{
  "images" : [
    {
      "resizing" : {
        "mode" : "9-part",
        "center" : {
          "mode" : "stretch",
          "width" : 1,
          "height" : 1
        },
        "cap-insets" : {
          "bottom" : 4,
          "top" : 7,
          "right" : 10,
          "left" : 3
        }
      },
      "idiom" : "universal",
      "filename" : "message_blue.png",
      "scale" : "1x"
    },
    {
      "resizing" : {
        "mode" : "9-part",
        "center" : {
          "mode" : "stretch",
          "width" : 1,
          "height" : 1
        },
        "cap-insets" : {
          "bottom" : 6,
          "top" : 11,
          "right" : 17,
          "left" : 5
        }
      },
      "idiom" : "universal",
      "filename" : "message_blue@2x.png",
      "scale" : "2x"
    },
    {
      "resizing" : {
        "mode" : "9-part",
        "center" : {
          "mode" : "stretch",
          "width" : 1,
          "height" : 1
        },
        "cap-insets" : {
          "bottom" : 8,
          "top" : 15,
          "right" : 27,
          "left" : 8
        }
      },
      "idiom" : "universal",
      "filename" : "message_blue@3x.png",
      "scale" : "3x"
    }
  ],
  "info" : {
    "version" : 1,
    "author" : "xcode"
  },
  "properties" : {
    "auto-scaling" : "auto"
  }
}